name,url,yes_votes,no_votes,total_votes,ticket_representation,voting_startdate,voting_enddate,eligible_tickets,cost,duration,domain,arrears,state,contractor
Stable coin - USDD,https://proposals.decred.org/proposals/85fc65cef080cfc3564906fd3d488b827d74fc99bb29143ed8aa6c400b765be9,0,0,0,NA,NA,NA,NA,1576000,48,Misc,FALSE,Abandoned,FALSE
Decredex,https://proposals.decred.org/proposals/e78bc28631d0e682912e3ece25944481bf978b906ea44b1ed36470c0f48b27fc,456,11008,11464,28.0231733848297,2018-12-03 16:14:46,2018-12-11 14:02:46,40909,1086500,7,Software Development,FALSE,Rejected,FALSE
Proposal Withdraw,https://proposals.decred.org/proposals/772d083fef79fa2e443d8424b353deadc3af69c8d8764e473cb200f98f356c60,0,0,0,NA,NA,NA,NA,295000,6,Marketmaking,FALSE,Abandoned,FALSE
2019 Marketing Plan Funding,https://proposals.decred.org/proposals/c84a76685e4437a15760033725044a15ad832f68f9d123eb837337060a09f86e,12216,2571,14787,35.1502329561662,2019-02-22 00:10:54,2019-03-01 19:02:51,42068,290000,12,Marketing,FALSE,Approved,TRUE
DECRED OFFLINE ECOSYSTEM BUILDING AND FIAT BACKING,https://proposals.decred.org/proposals/1b4b72fa08792b6500ef770546c24ee751c2b0fee2975db769722524a2754829,0,0,0,NA,NA,NA,NA,283000,0,Marketing,FALSE,Live,FALSE
i2 Trading: DCR Market Making,https://proposals.decred.org/proposals/2eb7ddb29f151691ba14ac8c54d53f6692c1f5e8fe06244edf7d3c33fb440bd9,11401,5280,16681,40.9148883983321,2019-09-04 01:17:12,2019-09-11 21:46:09,40770,270000,6,Marketmaking,FALSE,Approved,FALSE
Decentralize Treasury Spending,https://proposals.decred.org/proposals/c96290a2478d0a1916284438ea2c59a1215fe768a87648d04d45f6b7ecb82c3f,8958,231,9189,22.5016529127997,2019-05-05 23:51:34,2019-05-13 22:04:16,40837,250000,12,Software Development,FALSE,Approved,TRUE
Decentralized Exchange Development,https://proposals.decred.org/proposals/417607aaedff2942ff3701cdb4eff76637eca4ed7f7ba816e5c0bd2e971602e1,14914,1693,16607,40.7914128512478,2019-08-12 02:41:19,2019-08-19 22:04:19,40712,230000,12,Software Development,FALSE,Approved,TRUE
Baeond: The Futurepunk Autonomous Card Game,https://proposals.decred.org/proposals/f545b359fcf1b40b356e9cb556cb422cc7ff01b628b577f804cdc45ce414f5dd,354,11459,11813,29.0202918488675,2019-01-15 14:57:51,2019-01-23 12:51:50,40706,220000,7,Misc,FALSE,Rejected,FALSE
2019 Events Funding,https://proposals.decred.org/proposals/d3e7f159b9680c059a3d4b398de2c8f6627108f28b7d61a3f10397acb4b5e509,12571,1488,14059,33.4197014357707,2019-02-22 00:10:54,2019-03-01 19:02:51,42068,200000,12,Marketing,FALSE,Approved,TRUE
Grapefruit Trading Market Making proposal,https://proposals.decred.org/proposals/4becbe00bd5ae93312426a8cf5eeef78050f5b8b8430b45f3ea54ca89213f82b,6286,7059,13345,32.7324012754476,2019-09-04 01:17:12,2019-09-11 21:46:09,40770,185000,6,Marketmaking,FALSE,Rejected,FALSE
Ditto Communications Proposal for Decred,https://proposals.decred.org/proposals/27f87171d98b7923a1bd2bee6affed929fa2d2a6e178b5c80a9971a92a5c7f50,13206,7985,21191,51.7383661311588,2018-10-28 20:04:24,2018-11-05 19:26:12,40958,150000,6,Marketing,FALSE,Approved,FALSE
Wachsman Communications Proposal for Decred,https://proposals.decred.org/proposals/bc8776180b5ea8f5d19e7d08e9fcc35f0d1e3d16974963e3e5ded65139e7b092,3646,9556,13202,32.2330191903902,2018-10-28 20:04:24,2018-11-05 19:26:12,40958,120000,6,Marketing,FALSE,Rejected,FALSE
Incentivizing BD Evangelists within the Decred Ecosystem,https://proposals.decred.org/proposals/cb446a469987d6603d93f442ef0d4e45bacbea47a72b5ce89f9c3cac3868d627,0,0,0,NA,NA,NA,NA,114000,12,Marketing,FALSE,Abandoned,FALSE
Tantra Labs - Market Making Proposal,https://proposals.decred.org/proposals/82ce113827140caaaf8b5779ab30402d3ed39f1911fdd2e8fa64cf0dc9e09ecb,7190,7456,14646,35.9234731420162,2019-09-04 01:17:12,2019-09-11 21:46:09,40770,100000,6,Marketmaking,FALSE,Rejected,FALSE
Decred integration into Crypto-ATMs,https://proposals.decred.org/proposals/bb7e19283d5c65fed598d5a2f4afcc2b5d2eab187b9cb84fc4304430f80b5ad1,1448,11388,12836,31.3769586154636,2018-12-03 16:14:46,2018-12-11 14:02:46,40909,50000,2,Integration,FALSE,Rejected,FALSE
Decred Contractor Clearance Process,https://proposals.decred.org/proposals/fa38a3593d9a3f6cb2478a24c25114f5097c572f6dadf24c78bb521ed10992a4,12660,568,13228,32.3707909162099,2018-11-13 18:39:19,2018-11-21 14:20:16,40864,37000,7,Policy,NA,Approved,TRUE
Decred  Media Campaign Proposal - Crypto Economy - 2019/2020,https://proposals.decred.org/proposals/1a367dcb91b55c60ad5fd038b219201154fcab965edd7a4639f157e409b1f4bf,0,0,0,NA,NA,NA,NA,33600,12,Marketing,FALSE,Abandoned,FALSE
DECRED Events & Meetups in the CIS in 2019-2020,https://proposals.decred.org/proposals/fdd68c87961549750adf29e178128210cb310294080211cf6a35792aa1bb7f63,393,9685,10078,24.6159107007645,2019-09-24 17:07:04,2019-10-02 15:11:21,40941,32000,6,Marketing,FALSE,Rejected,FALSE
Bring decred to Africa (Ghana) Adoption program for merchants and businesses,https://proposals.decred.org/proposals/dac06f18bfeb5f7667e56554774de3bb99151018ce16a64f5353bab45819763b,503,8833,9336,22.7662895044869,2019-04-04 19:11:52,2019-04-12 16:39:12,41008,29314,3,Marketing,FALSE,Rejected,FALSE
Ditto Communications Proposal for Decred: Phase 2,https://proposals.decred.org/proposals/52ea110ea061c72d3b31ed2f5635720b212ce5e3eaddf868d60f53a3d18b8c04,9161,2933,12094,29.2443477209527,2019-06-02 20:04:48,2019-06-10 17:31:18,41355,150000,6,Marketing,FALSE,Approved,TRUE
Fiat Pairs integration on EXMO Exchange,https://proposals.decred.org/proposals/950e8149e594b01c010c1199233ab11e82c9da39174ba375d286dc72bb0a54d7,5608,3392,9000,21.631495457386,2019-04-19 05:43:46,2019-04-26 22:07:40,41606,23800,1,Integration,FALSE,Approved,FALSE
"Decred Radio Advertising, 190+ FM and AM Stations, + Intl. Satellite",https://proposals.decred.org/proposals/7fe5d07a4ffff7dc6a83383018823d880b1c1db0a29305e74934817cf2b4e2ce,3090,6917,10007,24.4616099146887,2018-12-03 16:14:46,2018-12-11 14:02:46,40909,22750,3,Marketing,FALSE,Rejected,FALSE
Block Header Commitments Consensus Change,https://proposals.decred.org/proposals/0a1ff846ec271184ea4e3a921a3ccd8d478f69948b984445ee1852f272d54c58,13758,116,13874,33.5112678437719,2019-06-02 17:48:25,2019-06-10 16:15:01,41401,20000,1,Software Development,FALSE,Approved,TRUE
Decred Open Source Research proposal: Phase 2,https://proposals.decred.org/proposals/67de0e901143400ae2f247391c4d5028719ffea8308fbc5854745ad859fb993f,12089,1312,13401,32.443228586646,2019-06-02 22:11:46,2019-06-10 20:44:33,41306,20000,6,Research,FALSE,Approved,TRUE
Decentralized Exchange Specification Document,https://proposals.decred.org/proposals/a4f2a91c8589b2e5a955798d6c0f4f77f2eec13b62063c5f4102c21913dcaf32,12171,198,12369,30.0802529182879,2019-06-03 11:55:48,2019-06-11 10:47:29,41120,20000,2,Software Development,FALSE,Approved,TRUE
Research & Publication of On-Chain DCRUSD & DCRBTC Indicators,https://proposals.decred.org/proposals/f0d1bd7447182328b44c691de88cb660b63df17f1f3a94990af19acea57c09bb,9050,1857,10907,26.6407757504702,2019-09-24 17:07:04,2019-10-02 15:11:21,40941,16500,3,Research,PARTIAL,Approved,FALSE
Decred Fundamental Metrics Research Proposal - Phase 1,https://proposals.decred.org/proposals/78b50f218106f5de40f9bd7f604b048da168f2afbec32c8662722b70d62e4d36,10630,889,11519,28.3649347451367,2019-07-29 12:51:10,2019-08-06 10:27:11,40610,12000,3,Research,PARTIAL,Approved,FALSE
DCR Comic: a visual guide to Decred,https://proposals.decred.org/proposals/2ef74fa5f0b558442cb85b1235c8c551a51ff5d8b8de44dead48b8b59c8fc1de,0,0,0,NA,NA,NA,NA,10800,3,Marketing,PARTIAL,Live,FALSE
Website for the Decred community,https://proposals.decred.org/proposals/fb8e6ca361c807168ea0bd6ddbfb7e05896b78f2576daf92f07315e6f8b5cd83,9912,3764,13676,33.0761603018357,2019-02-25 13:52:11,2019-03-05 13:33:36,41347,10000,6,Marketing,PARTIAL,Approved,TRUE
Decred Open Source Research,https://proposals.decred.org/proposals/c68bb790ba0843980bb9695de4628995e75e0d1f36c992951db49eca7b3b4bcd,11854,1287,13141,32.0840861370184,2018-10-28 20:04:24,2018-11-05 19:26:12,40958,10000,6,Research,FALSE,Approved,TRUE
TinyDecred: A Python Toolkit for Decred,https://proposals.decred.org/proposals/20e967dad9e7398901decf3cfe0acf4e0853f6558a62607265c63fe791b8b124,12837,786,13623,33.1564728502933,2019-08-05 19:52:42,2019-08-13 19:03:25,41087,8000,0,Software Development,TRUE,Approved,TRUE
Supplemental Proposal For Decred Tutorials By Denni Lovejoy,https://proposals.decred.org/proposals/d8d7ff7ad138ed322422aaa4d2a3e1c61f296ae56a2c2316cc5ecd10cf8dd8bd,0,0,0,NA,NA,NA,NA,6750,0,Marketing,TRUE,Abandoned,FALSE
Decred Bug Bounty Proposal: Phase 2,https://proposals.decred.org/proposals/073694ed82d34b2bfff51e35220e8052ad4060899b23bc25791a9383375cae70,12020,830,12850,31.4981860966761,2019-06-23 11:19:47,2019-07-01 07:36:56,40796,6500,12,Software Development,FALSE,Approved,TRUE
Add Decred support to Coffee Wallet,https://proposals.decred.org/proposals/45de9806c952c5ffc2fc6782fddbc74c852c26e3fb0e950144b92d75082c4731,0,0,0,NA,NA,NA,NA,6000,2,Integration,FALSE,Abandoned,FALSE
Decred Bug Bounty Proposal,https://proposals.decred.org/proposals/d33a2667469b56942adf42453def6cc2292325251e4cf791e806939ea9efc9e1,11065,1186,12251,29.8600955445062,2018-12-19 22:30:17,2018-12-27 21:36:46,41028,5000,6,Software Development,FALSE,Approved,TRUE
Decred Integration for IDAX Exchange,https://proposals.decred.org/proposals/60adb9c0946482492889e85e9bce05c309665b3438dd85cb1a837df31fbf57fb,2381,7255,9636,23.4264459193348,2019-02-26 17:34:08,2019-03-06 15:42:19,41133,5000,1,Integration,FALSE,Rejected,FALSE
Trust Wallet - Integration with Decred,https://proposals.decred.org/proposals/2ababdea7da2b3d8312a773d477272135a883ed772ba99cdf31eddb5f261d571,6239,3075,9314,22.8289909066399,2019-03-26 21:41:53,2019-04-03 20:53:42,40799,3300,1,Integration,FALSE,Approved,FALSE
A Journey to the Future of Work- Telling the DCR story through Politeia,https://proposals.decred.org/proposals/b9f342a0f917abb7a2ab25d5ed0aca63c06fe6dcc9d09565a9cde3b6fe7e6737,8787,9284,18071,43.8584569084775,2019-05-21 18:12:30,2019-05-29 13:42:49,41203,2400,1,Marketing,FALSE,Rejected,FALSE
Amin Rafiee: Decred Hackers Congress,https://proposals.decred.org/proposals/42b16d2741d58903963d8535e04017bbc3a8193391a83b305f44c082b62e3aa8,0,0,0,NA,NA,NA,NA,2050,0,Marketing,TRUE,Live,FALSE
Premium Listing for Decred on Easyrabbit,https://proposals.decred.org/proposals/34707d34b09c3ebcf0d4aa604e8a08244e8f0f082c0af3f33d85778c93c81434,444,8312,8756,21.472362548433,2018-11-16 00:35:45,2018-11-23 23:20:42,40778,1500,1,Integration,FALSE,Rejected,FALSE
Decred ATM Integration - Approval for Planning Phase,https://proposals.decred.org/proposals/aea224a561cfed183f514a9ac700d68ba8a6c71dfbee71208fb9bff5fffab51d,6696,6051,12747,31.620072929328,2019-03-25 22:23:56,2019-04-02 22:50:52,40313,1000,1,RFP,FALSE,Rejected,TRUE
Proposed Statement Of Work (SOW) For Decred Blockchain Wallet Tutorial Campaign,https://proposals.decred.org/proposals/a3def199af812b796887f4eae22e11e45f112b50c2e17252c60ed190933ec14f,7821,1997,9818,23.3428435568236,2019-02-21 22:44:06,2019-03-01 17:41:11,42060,750,1,Marketing,FALSE,Approved,FALSE
Testing of the funding-request mechanism by a non expert,https://proposals.decred.org/proposals/3575a65bbc3616c939acf6edf801e1168485dc864efef910034268f695351b5d,0,0,0,NA,NA,NA,NA,0.1,1,Misc,TRUE,Abandoned,FALSE
RFP: Decred Designated Market Maker,https://proposals.decred.org/proposals/30822c16533890abc6e243eb6d12264b207c3923c14af42cd9b883e71c7003cd,14074,2093,16167,39.092271979882,2019-08-14 21:36:21,2019-08-22 19:11:49,41356,0,0,RFP,NA,Approved,FALSE
RFP: Decred Decentralized Exchange Infrastructure,https://proposals.decred.org/proposals/5431da8ff4eda8cdbf8f4f2e08566ffa573464b97ef6d6bae78e749f27800d3a,14411,1256,15667,38.5839182366704,2019-03-04 16:24:06,2019-03-12 14:43:36,40605,0,0,RFP,NA,Approved,TRUE
"Change language: PoS Mining to PoS Voting, Stakepool to Voting Service Provider",https://proposals.decred.org/proposals/522652954ea7998f3fca95b9c4ca8907820eb785877dcf7fba92307131818c75,11991,754,12745,31.1172420528346,2018-10-28 20:04:24,2018-11-05 19:26:12,40958,0,0,Policy,NA,Approved,TRUE
Amendment to Decred Constitution - 001,https://proposals.decred.org/proposals/fd56bb79e0383f40fc2d92f4473634c59f1aa0abda7aabe29079216202c83114,12008,102,12110,29.6748266313803,2019-04-28 15:34:46,2019-05-06 12:37:14,40809,0,0,Policy,NA,Approved,TRUE
Upgrade mining algorithm to ProgPoW,https://proposals.decred.org/proposals/0aaab331075d08cb03333d5a1bef04b99a708dcbfebc8f8c94040ceb1676e684,0,0,0,NA,NA,NA,NA,0,0,Software Development,FALSE,Abandoned,FALSE
Sweepstakes,https://proposals.decred.org/proposals/517ac6598031e17e3e301d41e73a62e4a7c10ee6dafb3dc65fbdd32f550971b0,0,0,0,NA,NA,NA,NA,0,0,Misc,FALSE,Abandoned,FALSE
Decred Open Source Research proposal 2 - research projects,https://proposals.decred.org/proposals/5d9cfb07aefb338ba1b74f97de16ee651beabc851c7f2b5f790bd88aea23b3cb,0,0,0,NA,NA,NA,NA,0,0,Research,FALSE,Abandoned,TRUE
Incrementalist Proposal as Small Step to Solving Decred's Liquidity Problem,https://proposals.decred.org/proposals/c9604f7879e4b2cd4f2582d238a7ccea210005c63481bec1ddae44ff93e1340f,0,0,0,NA,NA,NA,NA,0,0,Marketmaking,FALSE,Abandoned,FALSE
Smart Reach Partnership Proposal -- Jan 2019,https://proposals.decred.org/proposals/cf7143c93d35f886be03d749396e9202c7837a3d3cbbe876f93c3a7d18ec2028,0,0,0,NA,NA,NA,NA,0,0,Marketing,FALSE,Abandoned,FALSE
